id,fullName,active
2576336,Ameer Abdullah,True
3915373,Micah Abernathy,True
15972,Oday Aboushi,True
3728305,Johnathan Abram,True
16800,Davante Adams,True
3126179,Matthew Adams,True
3051894,Montravius Adams,True
4039164,Myles Adams,True
4240532,Tony Adams,True
3886808,Trey Adams,True
3912028,Nasir Adderley,True
4034729,Tucker Addington,True
14320,Mario Addison,True
4242547,Paulson Adebo,True
4046557,Hakeem Adeniji,True
4240719,Cal Adomitis,True
2971618,Nelson Agholor,True
4035566,McTelvin Agim,True
3061612,Jamal Agnew,True
4243315,Salvon Ahmed,True
4360438,Brandon Aiyuk,True
4240021,Cam Akers,True
4035835,Alex Akingbulu,True
3128452,Jordan Akins,True
3919117,Azeez Al-Shaair,True
4686629,Isaac Alarcon,True
3895429,Jaire Alexander,True
2976541,Kwon Alexander,True
3914307,Maurice Alexander,True
4401823,Dee Alford,True
4259976,Josh Ali,True
2998565,Mo Alie-Cox,True
3115922,Nick Allegretti,True
4240787,Austin Allen,True
2574511,Brandon Allen,True
3134666,Brian Allen,True
4035526,Chase Allen,True
3052083,Devon Allen,True
3054840,Jonathan Allen,True
3915239,Josh Allen,True
3918298,Josh Allen,True
15818,Keenan Allen,True
3115293,Kyle Allen,True
3915282,Zach Allen,True
4373626,Tyler Allgeier,True
13233,Tyson Alualu,True
2582132,Adrian Amos,True
4035660,Bradlee Anae,True
4247807,Troy Andersen,True
3119119,Abdullah Anderson,True
4367203,Alec Anderson,True
3123867,Calvin Anderson,True
2517752,Henry Anderson,True
4241844,Jack Anderson,True
2574808,Robbie Anderson,True
4242430,Ryder Anderson,True
2576854,Stephen Anderson,True
3932335,Zayne Anderson,True
2578529,David Andrews,True
3116365,Mark Andrews,True
4240263,David Anenih,True
14950,Bryan Anger,True
3008150,Eli Ankou,True
3043107,Alex Anzalone,True
3116152,Troy Apke,True
3040506,Eli Apple,True
4046707,AJ Arcuri,True
4212884,Alex Armah,True
2971275,Arik Armstead,True
15821,Terron Armstead,True
3123963,Cornell Armstrong,True
3928979,Dorance Armstrong,True
4212989,Dan Arnold,True
4035389,Grayland Arnold,True
4360255,Brian Asamoah II,True
4046522,Devin Asiasi,True
4360797,Tutu Atwell,True
4372758,Kevin Austin Jr.,True
17447,Denico Autry,True
4259300,Tre Avery,True
4040842,Kayode Awosika,True
3886809,Andre Baccellia,True
4036507,Joe Bachie,True
3919510,Alex Bachman,True
4686421,David Bada,True
3123052,Michael Badgley,True
4362748,Tyler Badie,True
3931395,Jake Bailey,True
3917992,Markus Bailey,True
3128773,Quinn Bailey,True
3924352,Zack Bailey,True
3127287,Budda Baker,True
3915507,Jerome Baker,True
4068152,Kawaan Baker,True
4036660,Darrell Baker Jr.,True
15963,David Bakhtiari,True
4262900,Daylen Baldwin,True
4035626,Josh Ball,True
4411769,Corey Ballentine,True
4034704,Michael Bandy,True
4242390,Aaron Banks,True
4040703,Eric Banks,True
3124970,Ben Banogu,True
15948,Matt Barkley,True
3929630,Saquon Barkley,True
4372030,Christian Barmore,True
4260409,Derrick Barnes,True
4373017,Kalon Barnes,True
4035817,Krys Barnes,True
4568439,Amare Barno,True
16711,Anthony Barr,True
2976114,Alex Barrett,True
3129290,Alex Bars,True
3926229,Cody Barton,True
3122865,Jackson Barton,True
4037239,Boogie Basham,True
3052977,Tarell Basham,True
3917232,Tyler Bass,True
4037216,Essang Bassey,True
4048228,John Bates,True
3929631,Ryan Bates,True
3919512,Jessie Bates III,True
4255988,B.J. Baylor,True
15035,Kelvin Beachum,True
15349,Cole Beasley,True
2979520,C.J. Beathard,True
3125107,Andrew Beck,True
2514206,Blake Bell,True
4608386,D'Anthony Bell,True
4570409,David Bell,True
4241921,Markquese Bell,True
3933407,Quinton Bell,True
3051388,Vonn Bell,True
4361516,Daniel Bellinger,True
14471,Nick Bellore,True
4426686,Dane Belton,True
4379778,Christian Benford,True
4242873,Eno Benjamin,True
3116187,Ja'Whaun Bentley,True
15826,Giovani Bernard,True
4259166,Terrel Bernard,True
3123075,Braxton Berrios,True
3915508,Rashod Berry,True
4245639,Stanley Berryhill,True
15089,Justin Bethel,True
4035788,Tyler Biadasz,True
3051775,Andrew Billings,True
16740,Joel Bitonio,True
3928920,Henry Black,True
4038557,Ross Blacklock,True
4035661,Julian Blackmon,True
4259308,Raheem Blackshear,True
2574582,Angelo Blackson,True
4243244,Marquise Blair,True
4248911,DaRon Bland,True
4243956,Reed Blankenship,True
3122103,Kendall Blanton,True
3122154,Khari Blasingame,True
4037633,Amani Bledsoe,True
4241199,Joshuah Bledsoe,True
3116188,David Blough,True
2582448,Austin Blythe,True
3060403,Chris Board,True
3925443,Jacob Bobenmoyer,True
3040166,Ike Boettger,True
4259978,Quinton Bohanna,True
4039396,Corey Bojorquez,True
15478,Brandon Bolden,True
4259631,Bubba Bolden,True
3056476,Victor Bolden,True
3116367,Curtis Bolton,True
4362759,Nick Bolton,True
4360259,Nik Bonitto,True
4046678,Ian Book,True
4360749,Thomas Booker IV,True
4034835,Dicaprio Bootle,True
3048663,Breon Borders,True
4241217,Larry Borom,True
3051389,Joey Bosa,True
4040605,Nick Bosa,True
17372,Chris Boswell,True
3045523,Kendrick Bourne,True
4259979,Lynn Bowden Jr.,True
3042726,Tashawn Bower,True
3929633,Nick Bowers,True
3040037,Tyus Bowser,True
3929845,Kris Boyd,True
3045144,Tyler Boyd,True
3932423,Miles Boykin,True
3045169,Tim Boyle,True
3054842,Bradley Bozeman,True
2572841,James Bradberry,True
3116729,Garrett Bradbury,True
3917569,Ja'Marcus Bradley,True
4036476,Will Bradley-King,True
3930270,Blake Brandel,True
17453,Cameron Brate,True
4046551,Ben Bredeson,True
4038944,Brady Breeze,True
3049916,Matt Breida,True
2577185,Jake Brendel,True
4040537,Aaron Brewer,True
3914440,Chandler Brewer,True
4585376,Shemar Bridges,True
16728,Teddy Bridgewater,True
4245645,Gary Brightwell,True
4570044,Jaquan Brisker,True
2578570,Jacoby Brissett,True
4242521,K.J. Britt,True
3923400,Josiah Bronson,True
4037474,Curtis Brooks,True
4241371,Kennedy Brooks,True
3139036,Cortez Broughton,True
4047646,A.J. Brown,True
3116761,Andrew Brown,True
4035312,Anthony Brown,True
4036032,Brittain Brown,True
4045165,Cam Brown,True
4040962,Deonte Brown,True
4035495,Derrick Brown,True
4361577,Dyami Brown,True
3128412,Evan Brown,True
4046350,Ike Brown,True
4680,Josh Brown,True
2570986,Malcolm Brown,True
4241372,Marquise Brown,True
4244310,Mike Brown,True
4242149,Montaric Brown,True
3121409,Noah Brown,True
2971281,Pharaoh Brown,True
4030899,Spencer Brown,True
4239768,Spencer Brown,True
3115308,Tony Brown,True
4241373,Tre Brown,True
3043109,Trent Brown,True
4372518,Bobby Brown III,True
4242292,Earnest Brown IV,True
3116370,Orlando Brown Jr.,True
4241987,Baron Browning,True
3886812,Jake Browning,True
2976117,Daniel Brunskill,True
3115249,Taven Bryan,True
3728253,Austin Bryant,True
2982857,Brandin Bryant,True
4239094,Coby Bryant,True
4040774,Harrison Bryant,True
4039010,Myles Bryant,True
2971282,DeForest Buckner,True
4039034,Shane Buechele,True
4241451,Isaiah Buggs,True
2980097,Jonathan Bullard,True
4362999,Spencer Burford,True
4035663,Terrell Burgess,True
15971,Rex Burkhead,True
3051746,Oren Burks,True
4567156,Treylon Burks,True
3051921,Artie Burns,True
4035631,Brian Burns,True
2577740,Juston Burris,True
3915511,Joe Burrow,True
2515270,Michael Burton,True
2969944,Deon Bush,True
4036261,Devin Bush,True
4242369,Matt Bushman,True
3055899,Harrison Butker,True
2972342,Adam Butler,True
4360466,Darien Butler,True
4242457,Matthew Butler,True
4363097,Percy Butler,True
2971883,Vernon Butler,True
2574056,Kevin Byard,True
4035861,Camryn Bynum,True
2577667,Damiere Byrd,True
3116158,Jason Cabinda,True
3917849,Lawrence Cager,True
3116455,Yodny Cajuste,True
4241374,Grant Calcaterra,True
4043039,Mike Caliendo,True
2515641,Bryce Callahan,True
3915097,Antonio Callaway,True
4035170,Marquez Callaway,True
4379396,Jake Camarda,True
4037311,Jalen Camp,True
11284,Calais Campbell,True
3040180,De'Vondre Campbell,True
3932901,Elijah Campbell,True
3121410,Parris Campbell,True
4410136,Tevaughn Campbell,True
4379397,Tyson Campbell,True
2516325,A.J. Cann,True
3059021,Alex Cappa,True
3051909,Daniel Carlson,True
4360320,Jackson Carman,True
4240563,Owen Carney,True
4240486,Tariq Carpenter,True
16808,T.J. Carrie,True
2580216,DeAndre Carter,True
4369950,Ja'Tyre Carter,True
3053047,Jermaine Carter,True
3128715,Lorenzo Carter,True
4240657,Michael Carter,True
4040963,Shyheim Carter,True
4035044,T.J. Carter,True
4360292,TJ Carter,True
4240619,Zach Carter,True
4240456,Michael Carter II,True
4241273,Roger Carter Jr.,True
3728281,Blake Cashman,True
3125287,Andre Chachere,True
4242205,K'Lavon Chaisson,True
3138733,Sean Chandler,True
4242431,Ty Chandler,True
3115394,DJ Chark,True
3929636,Irvin Charles,True
4362628,Ja'Marr Chase,True
4046543,Camaron Cheeseman,True
4426901,Leo Chenal,True
4367567,Julius Chestnut,True
4043169,Jeremy Chinn,True
3929637,Dan Chisena,True
4040607,Drue Chrisman,True
4256062,Brady Christensen,True
3916414,Geron Christian,True
4036959,Cole Christiansen,True
3116733,Bradley Chubb,True
3128720,Nick Chubb,True
4361939,Andre Cisco,True
3115387,Will Clapp,True
3045463,Chuck Clark,True
4362636,Damone Clark,True
2576242,Frank Clark,True
3122752,Kenny Clark,True
2577631,Le'Raven Clark,True
4371737,Chris Claybrooks,True
4046692,Chase Claypool,True
3045260,Corey Clement,True
4240896,Micheal Clemons,True
4035002,Ben Cleveland,True
4048231,Ezra Cleveland,True
4034964,Tyrie Cleveland,True
4041572,Kameron Cline,True
16734,Jadeveon Clowney,True
14053,Randall Cobb,True
4035270,Devin Cochran,True
4249766,Jack Cochrane,True
4240499,Jack Coco,True
2971699,Adrian Colbert,True
3686689,AJ Cole,True
2986109,Dylan Cole,True
3071572,Keelan Cole,True
3115972,Mason Cole,True
2577707,Justin Coleman,True
4044519,Larnel Coleman,True
3116449,L.J. Collier,True
2971556,Aviante Collins,True
2979841,Landon Collins,True
3040471,Maliek Collins,True
4244606,Zaven Collins,True
4035112,Trystan Colon,True
4411771,John Cominsky,True
2979534,Jack Conklin,True
3915486,Tyler Conklin,True
2578533,Chris Conley,True
3121538,Ryan Connelly,True
3045147,James Conner,True
4567246,Snoop Conner,True
4047422,Tanner Conner,True
4247726,Bryan Cook,True
3116593,Dalvin Cook,True
4570898,Dylan Cook,True
4379399,James Cook,True
3115480,Logan Cooke,True
16731,Brandin Cooks,True
4047860,Nolan Cooney,True
2976499,Amari Cooper,True
4040608,Jonathon Cooper,True
3048897,Pharoh Cooper,True
3914150,Marquise Copeland,True
3056608,Austin Corbett,True
4372519,Jashaun Corbin,True
4259980,Yusuf Corker,True
4244717,Bryce Cosby,True
4262199,Sam Cosmi,True
4282647,Jeff Cotton,True
3925344,Lester Cotton Sr.,True
4034766,Carter Coughlin,True
4248504,Isaiah Coulter,True
14880,Kirk Cousins,True
3926231,Britain Covey,True
3060134,Rashaad Coward,True
3916922,Byron Cowart,True
14941,Fletcher Cox,True
4040940,Jabril Cox,True
13848,Morgan Cox,True
4044079,Tyler Coyle,True
3052056,River Cracraft,True
3860287,Xavier Crawford,True
4045302,Coy Cronk,True
10636,Mason Crosby,True
3916655,Maxx Crosby,True
4426376,Charles Cross,True
4426403,Nick Cross,True
3117135,Keion Crossen,True
3915171,Tae Crowder,True
3056899,Korey Cunningham,True
4035870,Jake Curhan,True
4242154,Kamren Curl,True
14959,Vinny Curry,True
5054377,Marcel Dabo,True
4036129,Dominique Dafney,True
4259480,Dennis Daley,True
4240631,DeeJay Dallas,True
4242553,Drew Dalman,True
14012,Andy Dalton,True
3895834,Jalen Dalton,True
2980138,Scott Daly,True
12471,Chase Daniel,True
3894849,James Daniels,True
3915487,Mike Danna,True
4035385,Cameron Dantzler Sr.,True
4047836,Frank Darby,True
4243830,Jaelon Darden,True
3912547,Sam Darnold,True
4361985,Christian Darrisaw,True
3047614,Julien Davenport,True
3124058,Marcus Davenport,True
14985,Lavonte David,True
4746079,Zach Davidson,True
3858271,Ashtyn Davis,True
3042778,Corey Davis,True
14958,Demario Davis,True
4590720,Domenique Davis,True
4243537,Gabe Davis,True
3125356,Jalen Davis,True
3054951,Jarrad Davis,True
2517316,Jesse Davis,True
4381558,Jordan Davis,True
4240603,Malik Davis,True
3053795,Michael Davis,True
4040965,Raekwon Davis,True
3131775,Tae Davis,True
3914240,Tyler Davis,True
4241999,Wyatt Davis,True
3916923,Carlton Davis III,True
2511690,Carl Davis Jr.,True
3917142,Akeem Davis-Gaither,True
4426475,Tyrion Davis-Price,True
2517230,Tyeler Davison,True
3051324,Dion Dawkins,True
3115250,Duke Dawson,True
2976194,Sheldon Day,True
3873935,Jamel Dean,True
4426340,Nakobe Dean,True
2976292,Taylor Decker,True
4242229,Austin Deculus,True
4374147,Derrick Deese Jr.,True
3914151,Josiah Deguara,True
3121541,Michael Deiter,True
4039049,Jean Delance,True
3049726,Dee Delaney,True
4242208,Grant Delpit,True
4360538,Trevor Denbow,True
4569242,Kuony Deng,True
15726,Andrew DePaola,True
4578142,Julian Diaz,True
4362081,Cameron Dicker,True
4035624,Landon Dickerson,True
3134316,Matt Dickerson,True
3929851,Michael Dickson,True
4035251,Kellen Diesch,True
2577553,Quandre Diggs,True
2976212,Stefon Diggs,True
4040966,Trevon Diggs,True
3042468,Christian DiLauro,True
3127264,Andre Dillard,True
4239934,AJ Dillon,True
4240464,Victor Dimukeje,True
4247944,De'Shaan Dixon,True
2577619,Riley Dixon,True
4037478,Gerrid Doaks,True
4241985,J.K. Dobbins,True
3044720,Joshua Dobbs,True
4035232,Tyrel Dodson,True
3138765,Michael Dogbe,True
4034841,JoJo Domann,True
16716,Aaron Donald,True
4037511,Myles Dorn,True
2579604,Phillip Dorsett,True
4027919,Khalil Dorsey,True
4037235,Greg Dortch,True
3120980,Keelan Doss,True
4361409,Jahan Dotson,True
3917599,Kevin Dotson,True
4361432,Romeo Doubs,True
3943270,Rasul Douglas,True
3929818,Andrew Dowell,True
2979843,Kenyan Drake,True
3932668,Jack Driscoll,True
2574630,Jeff Driskel,True
4567240,Dontario Drummond,True
4401811,Kyle Dugger,True
4061956,Ashton Dulin,True
4361512,William Dunkle,True
13274,Carlos Dunlap,True
4384549,Cobie Durant,True
4241213,Yasir Durant,True
16958,Laurent Duvernay-Tardif,True
3120303,Ross Dwelley,True
4046544,Michael Dwumfour,True
4038946,Troy Dye,True
4426330,Jerrion Ealy,True
4035003,Jacob Eason,True
4257591,Arnold Ebiketie,True
4259169,Trestan Ebner,True
3045527,Samson Ebukam,True
3119195,Chase Edmonds,True
3124067,Terrell Edmunds,True
3929950,Tremaine Edmunds,True
3051926,Gus Edwards,True
3155647,Mike Edwards,True
3121544,T.J. Edwards,True
2969921,Mario Edwards Jr.,True
4242214,Clyde Edwards-Helaire,True
3914613,Emeke Egbule,True
2577637,Sam Eguavoen,True
4241820,Sam Ehlinger,True
4046694,Liam Eichenberg,True
4371940,Milo Eifler,True
4035376,Greg Eiland,True
4032052,Dieter Eiselen,True
3068267,Austin Ekeler,True
3052059,Daniel Ekuale,True
4427132,Ikem Ekwonu,True
4567399,Kaiir Elam,True
3929846,DeShon Elliott,True
3051392,Ezekiel Elliott,True
3050478,Jake Elliott,True
4046680,Jalen Elliott,True
4039052,Jordan Elliott,True
16857,Justin Ellis,True
4036214,Tino Ellis,True
4245273,Christian Elliss,True
3124890,Kaden Elliss,True
3115303,Jermaine Eluemunor,True
4429568,Martin Emerson Jr.,True
4034335,Prince Emili,True
4362840,Kingsley Enagbare,True
3051876,Evan Engram,True
4240585,AJ Epenesa,True
3139368,Marcus Epps,True
2977800,Alex Erickson,True
2512504,Cameron Erving,True
4030947,Drew Estrada,True
4240074,Dorian Etheridge,True
4239996,Travis Etienne Jr.,True
3052450,Danny Etling,True
4046530,Chris Evans,True
4036431,Darrynton Evans,True
3895859,Justin Evans,True
16737,Mike Evans,True
3126349,Rashaan Evans,True
3918639,Gerald Everett,True
4243386,Obinna Eze,True
4362186,Erik Ezukanma,True
4360964,Daniel Faalele,True
3045458,Brandon Facyson,True
2971573,Ka'imi Fairbairn,True
4036131,Noah Fant,True
2579840,Matthias Farley,True
4040612,Luke Farrell,True
4242234,Neil Farrell Jr.,True
3045172,Folorunso Fatukasi,True
4259299,Olakunle Fatukasi,True
2979482,Dan Feeney,True
3674831,Breiden Fehoko,True
17404,Matt Feiler,True
3042455,Clayton Fejedelem,True
2512577,Jon Feliciano,True
4035826,Demetric Felton Jr.,True
3924364,Rashad Fenton,True
17361,James Ferentz,True
3843470,Blake Ferguson,True
4242355,Jake Ferguson,True
4360728,Parker Ferguson,True
2976549,Reid Ferguson,True
4062711,Ethan Fernea,True
3728258,Clelin Ferrell,True
4043137,DaMarcus Fields,True
4362887,Justin Fields,True
4245655,Tony Fields II,True
3049698,Anthony Firkser,True
4242558,Tucker Fisk,True
4036026,Dez Fitzpatrick,True
3925345,Minkah Fitzpatrick,True
11252,Joe Flacco,True
3931424,Demetrius Flannigan-Fowles,True
16932,Cameron Fleming,True
4429607,Cor'Dale Flott,True
4917592,Dallis Flowers,True
3046326,Tre Flowers,True
3043136,Leonard Floyd,True
14877,Nick Foles,True
10621,Nick Folk,True
3910156,Drew Forbes,True
3707061,Cody Ford,True
4372019,Jerome Ford,True
4259762,Jonathan Ford,True
3050916,Mike Ford,True
3125114,Poona Ford,True
3051901,Rudy Ford,True
5123643,Tyrell Ford,True
3125116,D'Onta Foreman,True
4239088,Darrick Forrest,True
4040714,Miller Forristall,True
4034962,Stone Forsythe,True
4035048,Luke Fortner,True
4408854,Jody Fortson,True
2982297,Joe Fortunato,True
4361008,Cole Fotheringham,True
4035666,Leki Fotu,True
3120659,Daurice Fountain,True
3115364,Leonard Fournette,True
2980100,Dante Fowler Jr.,True
3916370,Jack Fox,True
3059620,Morgan Fox,True
4037520,Tomon Fox,True
4039366,Cobi Francis,True
4583937,Benjie Franklin,True
3124005,Zaire Franklin,True
4044133,Sam Franklin Jr.,True
3120464,John Franklin-Myers,True
4034948,Feleipe Franks,True
3122672,Royce Freeman,True
4361411,Pat Freiermuth,True
3916746,Wesley French,True
4045176,Will Fries,True
3886633,Hjalte Froholdt,True
4240689,Jake Fromm,True
3048898,Elliott Fry,True
4258238,Ty Fryfogle,True
3045465,Kendall Fuller,True
2978933,Kyle Fuller,True
4035433,Kristian Fulton,True
4036224,Jake Funk,True
13987,Blaine Gabbert,True
3115378,Russell Gage,True
3127294,Greg Gaines,True
4038534,Innis Gaines,True
4371733,Kenneth Gainwell,True
3892883,Neville Gallimore,True
4036348,Michael Gallup,True
12460,Graham Gano,True
4242408,Chase Garbers,True
4039170,Elijah Garcia,True
2512538,Max Garcia,True
4334300,Dennis Gardeck,True
4031029,Don Gardner,True
4427250,Sauce Gardner,True
4034953,C.J. Gardner-Johnson,True
16760,Jimmy Garoppolo,True
4820589,Chris Garrett,True
3122132,Myles Garrett,True
4240655,Jonathan Garvin,True
3128747,DeMarquis Gates,True
3116096,Nick Gates,True
4249087,Matt Gay,True
4259804,Willie Gay,True
4427267,Kaylon Geiger,True
3929924,Zach Gentry,True
4242655,Allan George,True
3040475,Nate Gerry,True
3116164,Mike Gesicki,True
16019,William Gholston,True
4249739,Jack Gibbens,True
3116097,Luke Gifford,True
4243808,Zyon Gilbert,True
3920867,Ulysees Gilbert III,True
4240128,Trenton Gill,True
3936185,Jamie Gillan,True
4241195,Tyree Gillespie,True
3919555,Nate Gilliam,True
4039505,Reggie Gilliam,True
4045180,Blake Gillikin,True
4039413,Alohi Gilman,True
14942,Stephon Gilmore,True
3917016,Trevis Gipson,True
15235,Tashaun Gipson Sr.,True
3929641,Kevin Givens,True
4240836,Chris Glaser,True
2576245,Graham Glasgow,True
2976632,Mark Glowinski,True
3115383,Davon Godchaux,True
3116165,Chris Godwin,True
4380507,Luke Goedeke,True
3121023,Dallas Goedert,True
3046779,Jared Goff,True
2971432,Markus Golden,True
2974858,Kenny Golladay,True
4036132,Chauncey Golston,True
3917949,Julian Good-Jones,True
4035857,Cameron Goode,True
4360318,Mario Goodrich,True
4429676,Tyler Goodson,True
17474,C.J. Goodwin,True
4361093,Kyler Gordon,True
3925346,Derrick Gore,True
3049575,Colby Gossett,True
2971498,Adam Gotsis,True
9354,Robbie Gould,True
4568981,Tay Gowan,True
13239,Brandon Graham,True
4242485,Thomas Graham Jr.,True
3918310,Carl Granderson,True
4039160,Kylen Granson,True
4042119,Richie Grant,True
2516984,Hroniss Grasu,True
4689546,Danny Gray,True
3115481,J.T. Gray,True
4240472,Noah Gray,True
4372074,Vincent Gray,True
13983,A.J. Green,True
4038437,A.J. Green,True
3115469,Gerri Green,True
4240548,Kendrick Green,True
4426327,Kenyon Green,True
3912562,Rasheem Green,True
4034772,Seth Green,True
3916409,Jonathan Greenard,True
4249596,Mike Greene,True
3916903,Dre Greenlaw,True
3115252,Will Grier,True
15887,Ryan Griffin,True
4259594,Yetur Gross-Matos,True
3050851,Kamu Grugier-Hill,True
4035167,Jarrett Guarantano,True
3957439,Nick Guggemos,True
4243250,Javelin Guidry,True
4241089,Jeff Gunter,True
4695660,Vitaliy Gurman,True
4842482,Alfredo Gutierrez,True
5041985,Sebastian Gutierrez,True
14185,Lawrence Guy,True
3043237,Matt Haack,True
4242391,Robert Hainsey,True
2976259,Nate Hairston,True
4274040,Troy Hairston,True
4037584,Bryce Hall,True
4261606,Darren Hall,True
4360189,Logan Hall,True
3924319,Terez Hall,True
4048718,Tyler Hall,True
4012556,C.J. Ham,True
4241422,Arlington Hambright,True
3056354,Antonio Hamilton,True
3915520,DaVon Hamilton,True
4044435,Devery Hamilton,True
4575517,Kyle Hamilton,True
4039075,LaDarius Hamilton,True
3116135,Blake Hance,True
4259170,Harrison Hand,True
15841,Johnathan Hankins,True
4240574,Matt Hankins,True
2971641,Chase Hansen,True
4033812,Jake Hansen,True
2970625,Justin Hardee,True
4365629,Daniel Hardy,True
2983055,Javon Hargrave,True
4240625,Mike Harley Jr.,True
3045286,Sean Harlow,True
15842,Duron Harmon,True
4038440,Madre Harper,True
4567099,Christian Harris,True
3925347,Damien Harris,True
3122906,Darius Harris,True
3047188,Davontae Harris,True
3052926,Demone Harris,True
4010714,Erik Harris,True
4422407,Jonathan Harris,True
15151,Josh Harris,True
4570674,Kevin Harris,True
4241457,Najee Harris,True
16837,Shelby Harris,True
3915297,Will Harris,True
14398,Chris Harris Jr.,True
17066,Jonotthan Harrison,True
4040615,Malik Harrison,True
3859006,Ronnie Harrison Jr.,True
4047839,N'Keal Harry,True
2576789,Bobby Hart,True
3917546,Penny Hart,True
4035290,Myles Hartsfield,True
4240485,Pressley Harvin III,True
4372071,Hassan Haskins,True
3126353,J.C. Hassenauer,True
3928925,JaMycal Hasty,True
2515613,Rob Havenstein,True
4245661,Lucas Havrisik,True
4258179,Brad Hawkins,True
3858276,Jaylinn Hawkins,True
4036820,Tayler Hawkins,True
3136374,Phil Haynes,True
3115456,Marquis Haynes Sr.,True
3895840,Charlie Heck,True
2565969,Taylor Heinicke,True
15153,Johnny Hekker,True
4258248,Peyton Hendershot,True
4240596,CJ Henderson,True
3052743,Trey Hendrickson,True
4044138,Matt Hennessy,True
2983155,Thomas Hennessy,True
4242358,Matt Henningsen,True
3043078,Derrick Henry,True
3046439,Hunter Henry,True
4032625,Ra'Shaun Henry,True
4038941,Justin Herbert,True
4035886,Khalil Herbert,True
4035733,Grant Hermanns,True
3042516,Will Hernandez,True
3122160,Tre Herndon,True
4259547,Malik Herring,True
3144991,Parker Hesse,True
4037619,Jarrod Hewitt,True
3059880,Neville Hewitt,True
13977,Cameron Heyward,True
4241961,Connor Heyward,True
14984,Akiem Hicks,True
4242402,Elijah Hicks,True
4242333,Faion Hicks,True
2514270,Jordan Hicks,True
2573401,Tyler Higbee,True
3042910,Rashard Higgins,True
4239993,Tee Higgins,True
4037333,Alex Highsmith,True
4373673,John Hightower,True
3116748,BJ Hill,True
4426422,Dax Hill,True
4038441,Justice Hill,True
2468609,Taysom Hill,True
4361787,Trey Hill,True
2525933,Troy Hill,True
3116406,Tyreek Hill,True
2980383,Mike Hilton,True
14924,T.Y. Hilton,True
3916430,Nyheim Hines,True
4258594,Kurt Hinish,True
4426583,Christopher Hinton,True
3700815,Kendall Hinton,True
4682831,Kyle Hinton,True
4240542,Nate Hobbs,True
4036133,T.J. Hockenson,True
3047876,KhaDarel Hodge,True
4242540,Isaiah Hodgins,True
4033234,Michael Hoecht,True
4241087,Brock Hoffman,True
4373809,Jevon Holland,True
3122678,Justin Hollins,True
2991662,Mack Hollins,True
3916676,Ka'dar Hollman,True
4035105,Christian Holmes,True
4242973,Darnay Holmes,True
3121414,Jalyn Holmes,True
4695653,Delonte Hood,True
4036134,Amani Hooker,True
3121415,Malik Hooker,True
3043275,Austin Hooper,True
3918003,Brycen Hopkins,True
15795,DeAndre Hopkins,True
4045701,Timmy Horne,True
3940587,Jesper Horsted,True
4260406,Zander Horvath,True
4572786,Dennis Houston,True
4240608,James Houston,True
14048,Justin Houston,True
2566034,DeAndre Houston-Carson,True
3043080,O.J. Howard,True
3116424,Travin Howard,True
3131498,Tytus Howard,True
2978935,Xavien Howard,True
4426875,Sam Howell,True
4243776,Hayden Howerton,True
16076,Chris Hubbard,True
4241416,Chuba Hubbard,True
3121416,Sam Hubbard,True
4046525,Khaleke Hudson,True
3050481,Tanner Hudson,True
4258181,James Hudson III,True
4360853,Talanoa Hufanga,True
4039375,Bryce Huff,True
13245,Jerry Hughes,True
4040901,JuJu Hughes,True
3895841,Mike Hughes,True
15379,Charley Hughlett,True
4241385,Creed Humphrey,True
3126356,Marlon Humphrey,True
2971563,Joey Hunt,True
3059915,Kareem Hunt,True
3917592,Robert Hunt,True
2976560,Danielle Hunter,True
4040790,Jason Huntley,True
4035671,Tyler Huntley,True
3924365,Hayden Hurst,True
17178,James Hurst,True
4040715,Jalen Hurts,True
4372099,Aidan Hutchinson,True
17068,Kerry Hyder Jr.,True
2972304,Germain Ifedi,True
4242516,Noah Igbinoghene,True
3045238,Godwin Igwebuike,True
3917668,Alec Ingold,True
4242227,Ed Ingram,True
4240059,Ja'Marcus Ingram,True
4362087,Keaontay Ingram,True
14926,Melvin Ingram,True
2976263,Matt Ioannidis,True
14946,Bruce Irvin,True
3931391,Trenton Irwin,True
3914328,Andy Isabella,True
4036831,Keith Ismael,True
3124779,Joel Iyiegbuniwe,True
3047566,Myles Jack,True
3120347,Adoree' Jackson,True
3895791,Dane Jackson,True
4240455,Deon Jackson,True
4569511,Drake Jackson,True
16753,Gabe Jackson,True
3930040,Jonah Jackson,True
4261090,Jordan Jackson,True
3144984,Josh Jackson,True
3116136,Justin Jackson,True
13254,Kareem Jackson,True
3916387,Lamar Jackson,True
4034849,Lamar Jackson,True
3917853,Mike Jackson,True
4370933,Storey Jackson,True
4052031,Tarron Jackson,True
4242436,Theo Jackson,True
4046715,Trishton Jackson,True
4373578,Jerry Jacobs,True
4047365,Josh Jacobs,True
3917576,Michael Jacquet,True
4240800,Brenden Jaimes,True
3932244,Andre James,True
3116058,Craig James,True
3122899,Richie James,True
3691739,Derwin James Jr.,True
11759,JJ Jansen,True
2576492,Grady Jarrett,True
4036430,Shemar Jean-Charles,True
4374033,Jermar Jefferson,True
4262921,Justin Jefferson,True
3821576,Malik Jefferson,True
2577078,Quinton Jefferson,True
16195,Tony Jefferson,True
3930066,Van Jefferson,True
3115485,Elgton Jenkins,True
15846,John Jenkins,True
2969961,Rayshawn Jenkins,True
3925350,Anfernee Jennings,True
3886598,Jauan Jennings,True
16038,Ryan Jensen,True
4258183,Donovan Jeter,True
4241463,Jerry Jeudy,True
3040150,Josey Jewell,True
4372020,Josh Jobe,True
4035198,Brandon Johnson,True
4031033,Cade Johnson,True
4051069,Caleb Johnson,True
3139602,D'Ernest Johnson,True
3141066,Danny Johnson,True
2508176,David Johnson,True
3932905,Diontae Johnson,True
4050971,Eric Johnson,True
3915106,Fred Johnson,True
3115349,Jakob Johnson,True
2979523,Jaleel Johnson,True
2517630,Jamel Johnson,True
3672862,Jaquan Johnson,True
4567962,Jermaine Johnson,True
11394,Josh Johnson,True
3929645,Juwan Johnson,True
3124537,KeeSean Johnson,True
4241302,Kyron Johnson,True
15797,Lane Johnson,True
2971718,Marcus Johnson,True
4043625,Nazeeh Johnson,True
4243916,Patrick Johnson,True
3122923,Roderick Johnson,True
3121003,Taron Johnson,True
3915411,Ty Johnson,True
2310331,Tyler Johnson,True
3894912,Tyron Johnson,True
3930912,Zack Johnson,True
4247347,Zion Johnson,True
3046292,John Johnson III,True
4242504,Johnny Johnson III,True
4241135,Raymond Johnson III,True
4240780,Lonnie Johnson Jr.,True
3051397,Cameron Johnston,True
3928928,Clay Johnston,True
4241008,Shaun Jolly,True
4240405,Kingsley Jonathan,True
3042519,Aaron Jones,True
4035299,Benito Jones,True
4251007,Braxton Jones,True
4258246,Caleb Jones,True
3044859,Chris Jones,True
3894915,D.J. Jones,True
3917792,Daniel Jones,True
16910,DaQuan Jones,True
2976545,Deion Jones,True
15383,Dominique Jones,True
4362851,Ernest Jones,True
4035686,Jack Jones,True
4046688,Jamir Jones,True
4047655,Jaylon Jones,True
2974344,Joe Jones,True
2971027,Jonathan Jones,True
3914630,Josh Jones,True
13982,Julio Jones,True
3116746,Justin Jones,True
4040621,Keandre Jones,True
4035375,Kobe Jones,True
4241464,Mac Jones,True
4256041,Manny Jones,True
4241720,Marcus Jones,True
4046716,Naquan Jones,True
4570495,Robert Jones,True
3912550,Ronald Jones,True
14167,Taiwan Jones,True
4245131,Tim Jones,True
4362139,Travis Jones,True
4259636,Vi Jones,True
3059722,Zay Jones,True
4036063,Patrick Jones II,True
3127299,Sidney Jones IV,True
15072,Marvin Jones Jr.,True
4046676,Tony Jones Jr.,True
4035693,Velus Jones Jr.,True
4362504,Brevin Jordan,True
13971,Cameron Jordan,True
4040622,Michael Jordan,True
3975763,Greg Joseph,True
4362629,Kelvin Joseph,True
4360383,Kerby Joseph,True
13281,Linval Joseph,True
3047495,Sebastian Joseph-Day,True
3961466,Matthew Judon,True
4400960,Gregory Junior,True
4361178,Cam Jurgens,True
16002,Kyle Juszczyk,True
4240026,Joshua Kaindoh,True
4916349,Nikola Kalinic,True
3116105,Joshua Kalu,True
3054850,Alvin Kamara,True
4033855,Sam Kamara,True
4038952,Hunter Kampmoyer,True
4039029,Khalid Kareem,True
4426659,George Karlaftis,True
2576188,Ted Karras,True
2976099,Damontae Kazee,True
3045130,Jayron Kearse,True
4240861,Dalton Keene,True
15168,Case Keenum,True
14124,Jason Kelce,True
15847,Travis Kelce,True
3910544,Joshua Kelley,True
15054,Dennis Kelly,True
2578475,Ryan Kelly,True
3915381,John Kelly Jr.,True
4036258,Carlo Kemp,True
4360307,Derion Kendrick,True
2510863,Eric Kendricks,True
3126997,Tom Kennedy,True
11555,Brett Kern,True
3843843,Arden Key,True
4037559,Devon Key,True
4040652,BoPete Keyes,True
4047523,Lewis Kidd,True
4034779,Ko Kieft,True
2575164,Miles Killebrew,True
4035008,Solomon Kindley,True
3040145,Desmond King II,True
4259491,Javon Kinlaw,True
4362611,Darian Kinnard,True
4057082,Mason Kinsey,True
3895856,Christian Kirk,True
16767,Christian Kirksey,True
3046401,Keith Kirkwood,True
3040151,George Kittle,True
15964,A.J. Klein,True
4258595,Cole Kmet,True
4036219,Qwuantrezz Knight,True
4427728,Zonovan Knight,True
3930086,Dawson Knox,True
4291489,Kader Kohou,True
4241263,Charlie Kolar,True
4035166,Jonathan Kongbo,True
3049899,Younghoe Koo,True
4239719,Malcolm Koonce,True
2982313,Tanoh Kpassagnon,True
17304,Casey Kreiter,True
2582410,Tyler Kroft,True
4360231,Lucas Krull,True
2978524,Christian Kuntz,True
4044132,William Kwenkeu,True
2581818,Nick Kwiatkoski,True
3122430,Chris Lacy,True
3127211,Patrick Laird,True
4249128,Quentin Lake,True
4241389,CeeDee Lamb,True
2509370,Kendall Lamm,True
3128630,Chris Lammons,True
4243181,Nate Landman,True
2570996,Harvey Langi,True
4035912,Kwamie Lassiter II,True
3121421,Marshon Lattimore,True
4360730,Nolan Laufenberg,True
16802,DeMarcus Lawrence,True
4035483,Dexter Lawrence,True
4360310,Trevor Lawrence,True
3051911,Carl Lawson,True
2977679,Shaq Lawson,True
4258237,Raheem Layne,True
3128390,Allen Lazard,True
4426359,DeMarvin Leal,True
4241466,Alex Leatherwood,True
3053801,Dallin Leavitt,True
4240686,Richard LeCounte III,True
3892689,Jeremiah Ledbetter,True
5713,Andy Lee,True
3125073,Elijah Lee,True
3126261,John Leglue,True
16848,Charles Leno Jr.,True
4242488,Deommodore Lenoir,True
4241264,Matt Leo,True
4690171,Deane Leonard,True
3920591,Nick Leverett,True
2973637,Corey Levin,True
3916577,Cam Lewis,True
4362647,Damien Lewis,True
9614,Marcedes Lewis,True
4040968,Terrell Lewis,True
4361050,Isaiah Likely,True
4360499,Tyler Linderbaum,True
4239950,Alec Lindstrom,True
3672833,Chris Lindstrom,True
16864,Corey Linsley,True
4047661,Greg Little,True
4242554,Walker Little,True
2978304,Cory Littleton,True
4243256,Devin Lloyd,True
3924327,Drew Lock,True
3929850,P.J. Locke,True
2577327,Tyler Lockett,True
4426502,Drake London,True
4239944,Hunter Long,True
4046536,David Long Jr.,True
4040805,Roy Lopez,True
4035798,Isaiahh Loudermilk,True
2565971,Rick Lovato,True
4036378,Jordan Love,True
4046675,Julian Love,True
4570009,Duron Lowe,True
4240554,Vederian Lowe,True
4245171,Abraham Lucas,True
17202,Cornelius Lucas,True
4361419,Jesse Luketa,True
3124900,Jake Luton,True
2985659,Wil Lutz,True
3127273,Frankie Luvu,True
3892773,Blake Lynch,True
4259181,James Lynch,True
3909365,Dylan Mabin,True
2979515,Greg Mabin,True
3916587,Tyler Mabry,True
3131784,Isaiah Mack,True
16710,Khalil Mack,True
3123938,Avonte Maddox,True
4038724,Tyreek Maddox-Williams,True
4035245,Justin Madubuike,True
4240754,Boye Mafe,True
16486,Brett Maher,True
3139477,Patrick Mahomes,True
4334215,Jordan Mailata,True
4243457,DeAngelo Malone,True
2516865,Greg Mancz,True
2531358,Chris Manhertz,True
4035239,Braden Mann,True
2519038,Dean Marlowe,True
4035590,Jonathan Marshall,True
4362630,Terrace Marshall Jr.,True
3122145,Koda Martin,True
2579850,Nick Martin,True
15928,Sam Martin,True
4245144,Tay Martin,True
3128263,Wes Martin,True
16709,Zack Martin,True
4258190,Ben Mason,True
4360569,Jordan Mason,True
2576917,Shaq Mason,True
4037212,Luke Masterson,True
2976249,Tyler Matakevich,True
15851,Tyrann Mathieu,True
4240707,Damarri Mathis,True
3928931,Ross Matiscik,True
4911023,Christian Matthew,True
16713,Jake Matthews,True
4048244,Alexander Mattison,True
4360855,Kana'i Mauga,True
3916144,Arthur Maulet,True
4040975,Jared Mayden,True
2980110,Marcus Maye,True
3052587,Baker Mayfield,True
2972400,David Mayo,True
4361788,Cade Mays,True
4589248,Tyreik McAllister,True
4361307,Trey McBride,True
3117251,Christian McCaffrey,True
2575606,Bobby McCain,True
4362615,Marquan McCall,True
4036169,Nick McCloud,True
4037464,Zach McCloud,True
3728262,Ray-Ray McCloud III,True
4035253,Ryan McCollum,True
4250393,Tristin McCollum,True
4250392,Zyon McCollum,True
4033806,James McCourt,True
13236,Devin McCourty,True
13199,Colt McCoy,True
3917331,Erik McCoy,True
4820592,Nate McCrary,True
4045299,Marcelino McCrary-Ball,True
17211,Justin McCray,True
4371973,Roger McCreary,True
3915528,Liam McCullough,True
4247812,Lance McCutcheon,True
2971584,Conor McDermott,True
4239947,Isaiah McDuffie,True
4426405,Trent McDuffie,True
4371961,Micah McFadden,True
4241941,Anthony McFarland Jr.,True
3127304,Kaleb McGary,True
2577757,T.Y. McGill,True
3052885,Mike McGlinchey,True
2577367,Connor McGovern,True
4033748,Connor McGovern,True
4242270,Kyric McGowan,True
4372085,Cameron McGrone,True
3128724,Isaiah McKenzie,True
4259644,Jalen McKenzie,True
4036275,Sean McKeon,True
4360692,Verone McKinley III,True
4241470,Xavier McKinney,True
16782,Jerick McKinnon,True
4240023,Tre' McKitty,True
3916075,Colton McKivitz,True
3150744,Chase McLaughlin,True
3121422,Terry McLaurin,True
15222,Rodney McLeod Jr.,True
16339,Brandon McManus,True
4242231,Racey McMath,True
4360313,Kyler McMichael,True
3121423,Raekwon McMillan,True
4567462,Ja'Quan McMillian,True
4361662,Alim McNeill,True
4045161,Zech McPhearson,True
4360234,Evan McPherson,True
3116172,Trace McSorley,True
4608138,Quinn Meinerz,True
3863820,Patrick Mekari,True
4240401,Ifeatu Melifonwu,True
4259305,Bo Melton,True
4076803,Jordan Meredith,True
3915145,Kirk Merritt,True
4047650,DK Metcalf,True
4046537,Josh Metellus,True
3916433,Jakobi Meyers,True
2978308,Jaydon Mickens,True
3046287,Matt Milano,True
3050487,Anthony Miller,True
4071091,Dre Miller,True
3919107,Herb Miller,True
3134312,Kolton Miller,True
3914397,Scotty Miller,True
4242546,Davis Mills,True
2976540,Jalen Mills,True
4373642,Dax Milne,True
4035403,Denzel Mims,True
4038524,Gardner Minshew,True
4693173,DaMarcus Mitchell,True
4241555,Elijah Mitchell,True
4361988,James Mitchell,True
4876006,Zaire Mitchell-Paden,True
3116385,Joe Mixon,True
3127587,David Moa,True
4362487,Tre'von Moehrig,True
3722375,John Molchon,True
4240904,Kellen Mond,True
3122690,Henry Mondeaux,True
3915304,Aaron Monteiro,True
4035538,David Montgomery,True
4034959,Jeremiah Moon,True
3128745,C.J. Moore,True
2576581,Chris Moore,True
3915416,DJ Moore,True
4372414,Elijah Moore,True
3909416,Jaylon Moore,True
4043041,Jaylon Moore,True
3915184,Nick Moore,True
4430191,Skyy Moore,True
4039278,Tarvarius Moore,True
4240920,Dan Moore Jr.,True
2971586,Fabian Moreau,True
3843945,Foster Moreau,True
3120508,Jimmy Moreland,True
3699902,Stanley Morgan,True
4244049,Quintin Morris,True
4046165,Jimmy Morrissey,True
4232830,Nicholas Morrow,True
2514122,Mitch Morse,True
12701,Thomas Morstead,True
4242996,Arron Mosby,True
4567981,Quandre Mosely,True
16771,Morgan Moses,True
16720,C.J. Mosley,True
4035676,Zack Moss,True
2576414,Raheem Mostert,True
2973051,Taylor Moton,True
4362855,Israel Mukuamu,True
4035458,Trayvon Mullen,True
3059989,Nick Mullens,True
4361707,Chad Muma,True
3052096,Johnny Mundt,True
4242001,Thayer Munford Jr.,True
3047530,Calvin Munson,True
2511330,Daniel Munyer,True
4240123,Larrell Murchison,True
3932886,Sean Murphy-Bunting,True
3912189,Bill Murray,True
2970716,Eric Murray,True
3048026,Jimmy Murray,True
3914494,Jordan Murray,True
2576585,Justin Murray,True
15920,Latavius Murray,True
4241394,Kenneth Murray Jr.,True
4249624,Nick Muse,True
3728263,Tanner Muse,True
3129307,Sam Mustipher,True
4040910,Netane Muti,True
3138744,Chris Myarick,True
2473037,Jason Myers,True
4242000,Josh Myers,True
4382466,Jalen Nailor,True
4240030,Hamsah Nasirildeen,True
2614825,Carl Nassib,True
4567134,Evan Neal,True
3054962,Keanu Neal,True
3121344,Ryan Neal,True
3057524,Siran Neal,True
3894856,Anthony Nelson,True
3145005,Matt Nelson,True
3129308,Quenton Nelson,True
4242337,Scott Nelson,True
3045287,Steven Nelson,True
4036444,Ryan Neuzil,True
4047660,Royce Newman,True
4259186,Xavier Newman,True
4240661,Dazz Newsome,True
4361266,Greg Newsome II,True
4038552,Lucas Niang,True
3117922,Bilal Nichols,True
4032721,Rayshad Nichols,True
3140643,Ben Niemann,True
4036141,Nick Niemann,True
4051353,Michael Niese,True
3871880,Yosh Nijman,True
4259493,Keisean Nixon,True
4047648,Tre Nixon,True
3123076,David Njoku,True
3122930,Derrick Nnadi,True
2973014,Storm Norton,True
17388,Andrew Norwell,True
4241396,Tre Norwood,True
15724,Ty Nsekhe,True
2575453,Rakeem Nunez-Roches,True
4035537,Kene Nwangwu,True
3120358,Uchenna Nwosu,True
2980206,Patrick O'Connor,True
16863,Pat O'Donnell,True
3734467,Efe Obada,True
5066095,Adedayo Odeleye,True
4242659,Dayo Odeyingbo,True
4035840,Osa Odighizuwa,True
4363554,Thomas Odukoya,True
3050199,George Odum,True
4038432,Amen Ogbongbemiga,True
2511825,Cedric Ogbuehi,True
2983509,Dare Ogunbowale,True
4046693,Adetokunbo Ogundeji,True
3050122,Larry Ogunjobi,True
4426507,David Ojabo,True
3894830,Michael Ojemudia,True
4379409,Azeez Ojulari,True
3117253,Bobby Okereke,True
4360635,Chigoziem Okonkwo,True
3129473,Chukwuma Okorafor,True
3052667,Ogbonnia Okoronkwo,True
4569497,Sam Okuayinonu,True
4241984,Jeff Okudah,True
2980147,Romeo Okwara,True
4035115,Albert Okwuegbunam,True
4044111,Chris Oladokun,True
4361370,Chris Olave,True
4039303,Ed Oliver,True
3915437,Isaiah Oliver,True
3921690,Josh Oliver,True
3123944,Qadree Ollison,True
4424106,Gunner Olszewski,True
4260703,Segun Olubi,True
3050073,Foyesade Oluokun,True
3929865,Charles Omenihu,True
4071085,Joshua Onujiogu,True
4046545,Mike Onwenu,True
4002046,David Onyemata,True
3121009,Sua Opeta,True
3116175,Amani Oruwariye,True
4422336,Matthew Orzech,True
3916566,K.J. Osborn,True
4362094,Joseph Ossai,True
4240759,Esezi Otomewo,True
4243331,Cade Otton,True
13186,Matt Overton,True
4361422,Odafe Oweh,True
4331768,Jonathan Owens,True
5054379,Ayo Oyelola,True
4361529,Isiah Pacheco,True
17475,Michael Palardy,True
4242433,Joshua Palmer,True
2976649,Adam Pankey,True
4243375,Dylan Parham,True
3912092,Donald Parham Jr.,True
4046592,AJ Parker,True
2576623,DeVante Parker,True
4242557,Colby Parkinson,True
2971248,Will Parks,True
4361423,Micah Parsons,True
2978109,Zach Pascal,True
4259994,Josh Paschal,True
4054085,Dezmon Patmon,True
15807,Cordarrelle Patterson,True
4362452,Jaret Patterson,True
4243371,Riley Patterson,True
4244615,Chris Paul,True
3912573,Darrin Paulo,True
4258194,Kwity Paye,True
3925354,Daron Payne,True
3921936,Matt Peart,True
2978278,Andrus Peat,True
4240927,Jayden Peevy,True
3134288,Kyle Peko,True
17230,Mike Pennel Jr.,True
4248627,Trevor Penning,True
4258195,Donovan Peoples-Jones,True
2979553,Taybor Pepper,True
3115962,Jabrill Peppers,True
4034952,La'Mical Perine,True
3116389,Samaje Perine,True
3675812,Bryce Perkins,True
2972460,Breshad Perriman,True
4239936,E.J. Perry,True
4052609,Roderick Perry II,True
2972236,Nathan Peterman,True
13292,Corey Peters,True
3917279,Jamal Peters,True
6012,Jason Peters,True
2578378,Marcus Peters,True
13980,Patrick Peterson,True
4361368,Nicholas Petit-Frere,True
3127306,Dante Pettis,True
5081728,Jeremiah Pharms Jr.,True
17487,Adrian Phillips,True
4240528,Del'Shawn Phillips,True
3117255,Harrison Phillips,True
4242975,Jaelan Phillips,True
2577466,Jordan Phillips,True
4242247,Tyre Phillips,True
4426354,George Pickens,True
4240703,Kenny Pickett,True
4360078,Alec Pierce,True
4242661,Chris Pierce Jr.,True
4259252,James Pierre,True
13256,Jason Pierre-Paul,True
3126364,Ross Pierschbacher,True
4240866,Kalil Pimpleton,True
4034949,Eddy Pineiro,True
2977680,Bradley Pinion,True
3915772,Jared Pinkney,True
4240706,Jason Pinnock,True
3915470,Danny Pinter,True
4411189,Trey Pipkins III,True
4844640,Max Pircher,True
4241223,Jalen Pitre,True
4423367,Anthony Pittman,True
4035687,Michael Pittman Jr.,True
3920814,Austen Pleasants,True
3042738,Ethan Pocic,True
4877329,Jason Poe,True
4259632,Isaiah Pola-Mao,True
4430325,Makai Polk,True
3916148,Tony Pollard,True
3886826,Benning Potoa'e,True
3115255,Brandon Powell,True
4035465,Cornell Powell,True
4037650,Ben Powers,True
15979,Jordan Poyer,True
11122,Matt Prater,True
3116724,Germaine Pratt,True
3929914,Adam Prentice,True
2577417,Dak Prescott,True
3930048,Willington Previlon,True
3051407,Billy Price,True
4046679,Troy Pride Jr.,True
4374361,Gerrit Prince,True
3915532,Isaiah Prince,True
4036416,Byron Pringle,True
3916204,James Proche II,True
4239406,Blake Proehl,True
2508256,MyCole Pruitt,True
4035776,Kendric Pryor,True
3055886,Matt Pryor,True
16377,Mike Purcell,True
4361741,Brock Purdy,True
4037468,Shaquille Quarterman,True
4242207,Patrick Queen,True
15946,David Quessenberry,True
3047572,Scott Quessenberry,True
5125287,Alex Quevedo,True
13984,Robert Quinn,True
4374045,Teagan Quitoriano,True
3049290,Kevin Rader,True
2979855,Reggie Ragland,True
3128689,Frank Ragnow,True
4362580,Bernhard Raimann,True
4040771,John Raine,True
3917676,Ryan Ramczyk,True
3045373,Jalen Ramsey,True
3910120,Rodney Randle Jr.,True
2970204,Sheldon Rankins,True
4039007,Taylor Rapp,True
4042827,Hamilcar Rashed Jr.,True
4031140,Clint Ratkovich,True
3915285,Wyatt Ray,True
2973405,Kalif Raymond,True
2977670,DJ Reader,True
4241802,Jalen Reagor,True
3125248,Jeremy Reaves,True
2980504,Haason Reddick,True
3917852,Sheldrick Redwine,True
3163375,Chris Reed,True
3139387,D.J. Reed,True
3115312,Jarran Reed,True
4037591,Joe Reed,True
3124634,Malik Reed,True
3116177,Troy Reeder,True
3044729,Jalen Reeves-Maybin,True
3929653,John Reid,True
3931399,Justin Reid,True
14930,Riley Reiff,True
2514816,Austin Reiter,True
15422,Mike Remmers,True
3135321,Hunter Renfrow,True
4421446,Craig Reynolds,True
3115306,Josh Reynolds,True
4258485,Jon Rhattigan,True
2566045,Luke Rhodes,True
4426411,Sean Rhyan,True
4252230,Forrest Rhyne,True
2975417,Patrick Ricard,True
3916749,Giovanni Ricci,True
4240692,Monty Rice,True
4239086,Desmond Ridder,True
4248047,John Ridgeway,True
4035065,Justin Rigg,True
3042725,Duke Riley,True
4036924,Elijah Riley,True
4243003,Ronnie Rivers,True
4039064,Malcolm Roach,True
4240429,Jaquarii Roberson,True
4241888,Reggie Roberson Jr.,True
13226,Andre Roberts,True
2987743,Elandon Roberts,True
4077786,Sam Roberts,True
4239694,Amik Robertson,True
2574891,Roy Robertson-Harris,True
4044448,Curtis Robinson,True
3043116,Demarcus Robinson,True
4244300,Dominique Robinson,True
4052042,James Robinson,True
4241889,Kenny Robinson,True
4249342,Mark Robinson,True
4241398,Tyrese Robinson,True
4241474,Brian Robinson Jr.,True
16719,Bradley Roby,True
4044145,Quincy Roche,True
3052894,Isaac Rochell,True
4032200,Robert Rochell,True
8439,Aaron Rodgers,True
4239992,Amari Rodgers,True
4241411,Malcolm Rodriguez,True
4056052,Armani Rogers,True
2977779,Jordan Roos,True
3139389,D'Angelo Ross,True
3052177,John Ross,True
4241205,Larry Rountree III,True
4244688,Nathan Rourke,True
4362506,Greg Rousseau,True
2576002,Eric Rowe,True
4035407,Bravvion Roy,True
3909013,Christian Rozeboom,True
4361372,Jeremy Ruckert,True
14054,Kyle Rudolph,True
3116407,Mason Rudolph,True
4240475,Chris Rumph II,True
3929936,Jon Runyan,True
4916597,Andrew Rupcich,True
2972515,Cooper Rush,True
3923413,Chapelle Russell,True
4243366,J.J. Russell,True
4040430,Kody Russey,True
15861,Logan Ryan,True
11237,Matt Ryan,True
3722362,Brett Rypien,True
13294,Rodger Saffold,True
4379412,Jamaree Salyer,True
4243923,Cam Sample,True
3121427,Curtis Samuel,True
3126486,Deebo Samuel,True
4363034,Asante Samuel Jr.,True
4259908,Braylon Sanders,True
3124679,Jason Sanders,True
4045163,Miles Sanders,True
4360080,Myjai Sanders,True
17427,Cairo Santos,True
4242555,Foster Sarell,True
4379504,Mekhi Sargent,True
2975863,Eric Saubert,True
4040627,C.J. Saunders,True
3121634,Khalen Saunders,True
3915419,Darnell Savage,True
14572,Patrick Scales,True
3126035,Max Scharping,True
2511708,Brandon Scherff,True
4047941,Brenden Schooler,True
2972331,Mason Schreck,True
3117256,Dalton Schultz,True
2581273,Wes Schweitzer,True
3051439,Boston Scott,True
3126368,JK Scott,True
4241977,Josiah Scott,True
3123303,Trent Scott,True
4832523,Bernhard Seikovits,True
3051376,Deadrin Senat,True
4241401,Trey Sermon,True
3929956,Tim Settle,True
2978247,Isaac Seumalo,True
4241611,Nephi Sewell,True
4373825,Penei Sewell,True
2971603,Kevon Seymour,True
4259565,Justin Shaffer,True
4032473,Rashid Shaheed,True
4373678,Khalil Shakir,True
4248068,Aaron Shampklin,True
3121656,David Sharpe,True
17037,Tyler Shatley,True
4036597,Ty Shelby,True
2577690,Brandon Shell,True
3916126,Duke Shelley,True
3052180,Coleman Shelton,True
2578384,Danny Shelton,True
4242228,Tyler Shelvin,True
4243160,Laviska Shenault Jr.,True
4076951,Nathan Shepherd,True
4335942,Dakoda Shepley,True
3122168,Trent Sherfield,True
4243186,Will Sherman,True
4361331,Jamien Sherwood,True
4036146,Caleb Shudak,True
3052357,Trent Sieg,True
3057956,Zach Sieler,True
3871102,David Sills V,True
4035462,Isaiah Simmons,True
4035369,Jeffery Simmons,True
2969860,Justin Simmons,True
3912245,Lachavious Simmons,True
4035479,John Simpson,True
3115314,Cam Sims,True
3917960,Steven Sims,True
4040761,Devin Singletary,True
2612151,Alex Singleton,True
4371989,Arryn Siposs,True
3046435,Dan Skipper,True
4035656,Ben Skowronek,True
3915777,Justin Skule,True
2576733,Matt Skura,True
11387,Matthew Slater,True
4240612,T.J. Slaton,True
15863,Darius Slay,True
3124015,Chris Slayton,True
3916945,Darius Slayton,True
3124084,Joey Slye,True
3041112,Tanzel Smart,True
4250764,Stone Smartt,True
3895831,Andre Smith,True
3121595,Braden Smith,True
4038565,D'Ante Smith,True
4241478,DeVonta Smith,True
2582147,Donovan Smith,True
3048698,Eric Smith,True
15864,Geno Smith,True
14945,Harrison Smith,True
3052896,Jaylon Smith,True
3054212,Jonnu Smith,True
17315,Keith Smith,True
4058521,Kion Smith,True
4260223,Lecitus Smith,True
2577446,Preston Smith,True
3915189,Roquan Smith,True
4259499,Shi Smith,True
3916917,T.J. Smith,True
3128451,Tre'Quan Smith,True
3134448,Tremon Smith,True
4242459,Trey Smith,True
4568652,Tyler Smith,True
13978,Tyron Smith,True
3155188,Vyncint Smith,True
3043168,Za'Darius Smith,True
4040980,Irv Smith Jr.,True
4240573,Ihmir Smith-Marsette,True
3120348,JuJu Smith-Schuster,True
3686690,James Smith-Williams,True
3052897,Durham Smythe,True
4040432,L'Jarius Sneed,True
4035072,Benny Snell Jr.,True
4240849,Charles Snowden,True
4031931,Josh Sokol,True
3121378,Matt Sokol,True
17259,Daniel Sorensen,True
4239997,Baylon Spector,True
3071353,E.J. Speed,True
17463,Diontae Spencer,True
4035372,Marquiss Spencer,True
3129446,Robert Spillane,True
4426891,Isaiah Spiller,True
4374302,Amon-Ra St. Brown,True
3932442,Equanimeous St. Brown,True
2980153,Ronnie Stanley,True
4426377,Chris Steele,True
3915252,Logan Stenberg,True
4035824,Brandon Stephens,True
4383723,Jerreth Sterns,True
4039307,Marquez Stevenson,True
4569173,Rhamondre Stevenson,True
4058825,Grover Stewart,True
3116679,M.J. Stewart,True
3120590,Easton Stick,True
3892775,Jarrett Stidham,True
4034861,Ben Stille,True
4034862,Jack Stoll,True
4240575,Geno Stone,True
4256051,Ryan Stonehouse,True
4260224,Jordan Stout,True
4589245,Mike Strachan,True
4051001,Cole Strange,True
3116726,Kentavius Street,True
3040206,Chris Streveler,True
3919548,Justin Strnad,True
3124086,Greg Stroman Jr.,True
3124052,Kevin Strong,True
4249836,Pierre Strong Jr.,True
4240255,Grant Stuard,True
12731,Ryan Succop,True
2979501,Nate Sudfeld,True
13234,Ndamukong Suh,True
3124849,Chandon Sullivan,True
4035426,Stephen Sullivan,True
3116431,Ty Summers,True
4037521,Chazz Surratt,True
4372012,Pat Surtain II,True
3895869,Keaton Sutherland,True
3044724,Cameron Sutton,True
3128429,Courtland Sutton,True
3046704,Geoff Swaim,True
4034950,Freddie Swain,True
3693166,Josh Sweat,True
3134690,Montez Sweat,True
3122818,Tommy Sweeney,True
4259545,D'Andre Swift,True
4240476,Tre Swilling,True
3115257,Teez Tabor,True
4241479,Tua Tagovailoa,True
4374269,Teair Tart,True
3921564,Auden Tate,True
3124587,Jahlani Tavai,True
4384564,Alex Taylor,True
4369835,Alontae Taylor,True
3915396,Darrell Taylor,True
4360645,Davion Taylor,True
4241011,Demetrius Taylor,True
4039607,J.J. Taylor,True
4240434,Ja'Sir Taylor,True
4034961,Jawaan Taylor,True
4408988,Malik Taylor,True
4039358,Patrick Taylor,True
3040569,Trent Taylor,True
14163,Tyrod Taylor,True
4243332,Keith Taylor Jr.,True
4361196,Cam Taylor-Britt,True
4361354,Master Teague,True
3917058,Roderic Teamer,True
3928936,Sam Tecklenburg,True
3912544,Marvell Tell III,True
3045474,Wyatt Teller,True
4361979,Luke Tenuta,True
4239995,A.J. Terrell,True
3916214,Hunter Thedford,True
4426326,Kayvon Thibodeaux,True
16460,Adam Thielen,True
4240155,A.J. Thomas,True
4258209,Ambry Thomas,True
4259566,Andrew Thomas,True
4608378,Brayden Thomas,True
4361510,Cameron Thomas,True
4035505,Daniel Thomas,True
4045305,Ian Thomas,True
4241404,Isaiah Thomas,True
17266,Joe Thomas,True
3917159,Josh Thomas,True
4360590,Juanyeh Thomas,True
4038843,Keir Thomas,True
4034788,Kiondre Thomas,True
16813,Logan Thomas,True
15231,Michael Thomas,True
3123986,Mike Thomas,True
3117258,Solomon Thomas,True
4334405,Tavierre Thomas,True
4036834,Zach Thomas,True
4248455,Rodney Thomas II,True
4374187,Deven Thompkins,True
4361606,Darwin Thompson,True
3859100,Deionte Thompson,True
4043089,Jalen Thompson,True
4259346,Josh Thompson,True
2978313,Shaq Thompson,True
4036419,Skylar Thompson,True
4036817,Trenton Thompson,True
3917909,Juan Thornhill,True
4362921,Tyquan Thornton,True
3915147,Calvin Throckmorton,True
2577773,Joe Thuney,True
3040031,Nick Thurman,True
3863182,Jerry Tillery,True
4379414,Channing Tindall,True
16359,Carson Tinker,True
3930298,Noah Togiai,True
4361366,Tommy Togiai,True
4249417,Jalen Tolbert,True
3843234,Kevin Toliver II,True
3060000,Cameron Tom,True
4240435,Zach Tom,True
2979860,Dalvin Tomlinson,True
2511973,Eric Tomlinson,True
2512477,Laken Tomlinson,True
4240600,Kadarius Toney,True
4045169,Shaka Toney,True
4256074,Khyiris Tonga,True
4259147,Jake Tonges,True
2975674,Robert Tonyan,True
3931408,Casey Toohill,True
4027873,Samori Toure,True
3915398,Tommy Townsend,True
4244856,Austin Trammell,True
3129310,Drue Tranquill,True
4362648,Badara Traore,True
4034946,Kyle Trask,True
3911853,Adam Trautman,True
3051889,Laquon Treadwell,True
4372780,Tommy Tremble,True
3065813,Zach Triner,True
3039707,Mitch Trubisky,True
4243333,Joe Tryon-Shoyinka,True
15683,Justin Tucker,True
4259647,Jay Tufele,True
3051890,Laremy Tunsil,True
2979632,Josh Tupou,True
16759,Billy Turner,True
4361438,Cole Turner,True
4036211,DJ Turner,True
3894901,Ezekiel Turner,True
4035468,Nolan Turner,True
4240269,Payton Turner,True
16789,Trai Turner,True
4360287,Delarrin Turner-Yell,True
3676833,KaVontae Turpin,True
3930915,Derrek Tuszka,True
3886601,Shy Tuttle,True
4240716,Jaylen Twyman,True
4046528,Josh Uche,True
3120502,Olisaemeka Udoh,True
16831,Brent Urban,True
4066109,Eyioma Uwazurike,True
2574576,C.J. Uzomah,True
3051738,Marquez Valdes-Scantling,True
3042895,Tanner Vallejo,True
4239140,Ryan Van Demark,True
3133487,Andrew Van Ginkel,True
4035791,Cole Van Lanen,True
16772,Kyle Van Noy,True
15718,Greg Van Roten,True
3138677,Leighton Vander Esch,True
2576399,Nick Vannett,True
4569479,Zach VanValkenburg,True
3917612,Ke'Shawn Vaughn,True
3134362,Vita Vea,True
4261153,David Vereen,True
4038570,Jake Verity,True
3044732,Kendal Vickers,True
4258210,Luiji Vilain,True
4036448,Jalen Virgil,True
3127313,Tristan Vizcaino,True
4040950,Cordell Volson,True
4360224,Tyler Vrabel,True
4372016,Jaylen Waddle,True
4241995,Shaun Wade,True
3125280,Corliss Waitman,True
3045377,DeMarcus Walker,True
6480,Herschel Walker,True
4243009,Mykal Walker,True
3051308,PJ Walker,True
4379416,Quay Walker,True
4361429,Rasheed Walker,True
4426349,Travon Walker,True
4567048,Kenneth Walker III,True
4035463,K'Von Wallace,True
3133440,Levi Wallace,True
2576925,Darren Waller,True
4241807,Garret Wallow,True
3123857,Austin Walter,True
4040778,Brandon Walton,True
4035518,Prince Tega Wanogho,True
4037361,Charvarius Ward,True
3915535,Denzel Ward,True
3040035,Greg Ward,True
3115914,Jihad Ward,True
16717,Jimmie Ward,True
4039274,Jonathan Ward,True
3138826,Fred Warner,True
4569987,Jaylen Warren,True
4362492,Ar'Darius Washington,True
3915837,Broderick Washington,True
2579163,Charles Washington,True
4248822,Montrell Washington,True
3919557,Scotty Washington,True
2977681,Carlos Watkins,True
4050373,Quez Watkins,True
16725,Sammy Watkins,True
4248528,Christian Watson,True
3122840,Deshaun Watson,True
4697639,Jaylen Watson,True
3118892,Justin Watson,True
4570018,Leroy Watson,True
2576450,Derek Watt,True
13979,J.J. Watt,True
3045282,T.J. Watt,True
4039018,Luke Wattenberg,True
3128685,Armon Watts,True
16166,Tress Way,True
4244299,Sterling Weatherford,True
4048257,Curtis Weaver,True
4036076,Rashad Weaver,True
4032247,Raleigh Webb,True
4700660,Sam Webb,True
4259570,Mark Webb Jr.,True
3119317,Nsimba Webster,True
4242545,Connor Wedington,True
13729,Jon Weeks,True
4036153,Kristian Welch,True
3047536,David Wells,True
2573079,Carson Wentz,True
4241993,Pete Werner,True
4039253,Trevon Wesco,True
3929785,Nick Westbrook-Ikhine,True
3929922,Tyrone Wheatley Jr.,True
4241983,Cody White,True
4035434,Devin White,True
4039254,Kyzir White,True
3051381,Mike White,True
4241237,Parker White,True
4697815,Rachaad White,True
3042717,Tre'Davious White,True
4361777,Zamir White,True
2577346,Cody Whitehair,True
3895798,Jordan Whitehead,True
4247722,Benton Whitley,True
3821572,Jace Whittaker,True
4044064,James Wiggins,True
4361650,Ray Wilborn,True
4046652,Chris Wilcox,True
3923392,Mitchell Wilcox,True
4372560,Rachad Wildgoose,True
3910176,Kristian Wilkerson,True
3728266,Christian Wilkins,True
3059839,Elijah Wilkinson,True
4048259,Avery Williams,True
15875,Brandon Williams,True
4034530,Chris Williams,True
3821577,Connor Williams,True
4567480,Damarion Williams,True
4239833,Darious Williams,True
3917290,Darryl Williams,True
2576508,DeShawn Williams,True
4035437,Greedy Williams,True
2980453,Jamaal Williams,True
4426388,Jameson Williams,True
3911073,Jarren Williams,True
3914628,Jarrid Williams,True
4032481,Jonah Williams,True
4040726,Jonah Williams,True
2980077,Jonathan Williams,True
4917635,Joshua Williams,True
17444,K'Waun Williams,True
4430737,Kyren Williams,True
2971622,Leonard Williams,True
3122882,Marcus Williams,True
2970726,Maxx Williams,True
3045138,Mike Williams,True
4239699,Milton Williams,True
2977661,P.J. Williams,True
3915399,Preston Williams,True
3110565,Quincy Williams,True
4040982,Quinnen Williams,True
3929834,Raequan Williams,True
4038430,Rodarius Williams,True
4250969,Rodney Williams,True
4567242,Sam Williams,True
4371974,Seth Williams,True
4035222,Trayveon Williams,True
13241,Trent Williams,True
3895827,Ty'Son Williams,True
3052434,Jordan Willis,True
4242512,Malik Willis,True
4241482,Jedrick Wills Jr.,True
3040207,Damien Wilson,True
3122135,Donovan Wilson,True
3056916,Eric Wilson,True
4569618,Garrett Wilson,True
3918330,Logan Wilson,True
4240595,Marco Wilson,True
4240029,Marvin Wilson,True
14881,Russell Wilson,True
4361259,Zach Wilson,True
4036335,Cedrick Wilson Jr.,True
3122976,Jeff Wilson Jr.,True
4040983,Mack Wilson Sr.,True
4035019,Javon Wims,True
16665,James Winchester,True
4034790,Antoine Winfield Jr.,True
4686470,Perrion Winfrey,True
3918331,Andrew Wingard,True
3115974,Chase Winovich,True
2969939,Jameis Winston,True
4245174,Easop Winston Jr.,True
4240589,Tristan Wirfs,True
3133368,Daniel Wise,True
2980080,Deatrich Wise Jr.,True
4035685,Mitch Wishnowsky,True
4035020,Charlie Woerner,True
3124092,John Wolford,True
4280416,Samuel Womack III,True
4038849,D.J. Wonnum,True
2575788,Zach Wood,True
13493,Al Woods,True
4241410,Jelani Woods,True
3128303,Josh Woods,True
4362917,JT Woods,True
3040572,Xavier Woods,True
4360174,Michael Woods II,True
3042749,Logan Woodside,True
4245185,Tariq Woolen,True
4242515,Chandler Wooten,True
3042436,Daryl Worley,True
3128815,Renell Wren,True
4570119,Alex Wright,True
4242392,Brock Wright,True
4569995,Derek Wright,True
4570470,Nahshon Wright,True
4361823,Ryan Wright,True
4361791,Devonte Wyatt,True
4428952,Jalen Wydermyer,True
3042702,Andrew Wylie,True
3123233,Oshane Ximines,True
4240071,Russ Yeast,True
4044144,Kenny Yeboah,True
3122797,Isaac Yiadom,True
4428963,Cade York,True
4241986,Chase Young,True
4401805,Dareke Young,True
4035079,Landon Young,True
3917914,Olamide Zaccheaus,True
4247590,Nick Zakelj,True
4250360,Bailey Zappe,True
14931,Kevin Zeitler,True
3916129,Isaiah Zuber,True
14993,Greg Zuerlein,True
3915123,Jabari Zuniga,True
4608362,Shane Zylstra,True
